customer_id,true_segment,purchase_rate,basket_mean,basket_std
C0001,regular,0.2,40.0,12.0
C0002,regular,0.2,40.0,12.0
C0003,regular,0.2,40.0,12.0
C0004,occasional,0.07,25.0,8.0
C0005,at_risk,0.03,15.0,5.0
C0006,regular,0.2,40.0,12.0
C0007,regular,0.2,40.0,12.0
C0008,regular,0.2,40.0,12.0
C0009,occasional,0.07,25.0,8.0
C0010,at_risk,0.03,15.0,5.0
C0011,high_value,0.4,85.0,20.0
C0012,high_value,0.4,85.0,20.0
C0013,occasional,0.07,25.0,8.0
C0014,high_value,0.4,85.0,20.0
C0015,at_risk,0.03,15.0,5.0
C0016,regular,0.2,40.0,12.0
C0017,high_value,0.4,85.0,20.0
C0018,at_risk,0.03,15.0,5.0
C0019,regular,0.2,40.0,12.0
C0020,regular,0.2,40.0,12.0
C0021,regular,0.2,40.0,12.0
C0022,high_value,0.4,85.0,20.0
C0023,high_value,0.4,85.0,20.0
C0024,high_value,0.4,85.0,20.0
C0025,regular,0.2,40.0,12.0
C0026,high_value,0.4,85.0,20.0
C0027,occasional,0.07,25.0,8.0
C0028,occasional,0.07,25.0,8.0
C0029,regular,0.2,40.0,12.0
C0030,regular,0.2,40.0,12.0
C0031,occasional,0.07,25.0,8.0
C0032,at_risk,0.03,15.0,5.0
C0033,at_risk,0.03,15.0,5.0
C0034,high_value,0.4,85.0,20.0
C0035,regular,0.2,40.0,12.0
C0036,regular,0.2,40.0,12.0
C0037,regular,0.2,40.0,12.0
C0038,occasional,0.07,25.0,8.0
C0039,regular,0.2,40.0,12.0
C0040,high_value,0.4,85.0,20.0
C0041,regular,0.2,40.0,12.0
C0042,occasional,0.07,25.0,8.0
C0043,high_value,0.4,85.0,20.0
C0044,at_risk,0.03,15.0,5.0
C0045,high_value,0.4,85.0,20.0
C0046,at_risk,0.03,15.0,5.0
C0047,high_value,0.4,85.0,20.0
C0048,at_risk,0.03,15.0,5.0
C0049,at_risk,0.03,15.0,5.0
C0050,at_risk,0.03,15.0,5.0
C0051,at_risk,0.03,15.0,5.0
C0052,occasional,0.07,25.0,8.0
C0053,occasional,0.07,25.0,8.0
C0054,occasional,0.07,25.0,8.0
C0055,high_value,0.4,85.0,20.0
C0056,occasional,0.07,25.0,8.0
C0057,occasional,0.07,25.0,8.0
C0058,at_risk,0.03,15.0,5.0
C0059,regular,0.2,40.0,12.0
C0060,regular,0.2,40.0,12.0
C0061,occasional,0.07,25.0,8.0
C0062,regular,0.2,40.0,12.0
C0063,high_value,0.4,85.0,20.0
C0064,regular,0.2,40.0,12.0
C0065,regular,0.2,40.0,12.0
C0066,regular,0.2,40.0,12.0
C0067,regular,0.2,40.0,12.0
C0068,regular,0.2,40.0,12.0
C0069,regular,0.2,40.0,12.0
C0070,regular,0.2,40.0,12.0
C0071,occasional,0.07,25.0,8.0
C0072,regular,0.2,40.0,12.0
C0073,at_risk,0.03,15.0,5.0
C0074,at_risk,0.03,15.0,5.0
C0075,regular,0.2,40.0,12.0
C0076,regular,0.2,40.0,12.0
C0077,occasional,0.07,25.0,8.0
C0078,at_risk,0.03,15.0,5.0
C0079,occasional,0.07,25.0,8.0
C0080,at_risk,0.03,15.0,5.0
C0081,occasional,0.07,25.0,8.0
C0082,occasional,0.07,25.0,8.0
C0083,regular,0.2,40.0,12.0
C0084,occasional,0.07,25.0,8.0
C0085,regular,0.2,40.0,12.0
C0086,occasional,0.07,25.0,8.0
C0087,at_risk,0.03,15.0,5.0
C0088,high_value,0.4,85.0,20.0
C0089,occasional,0.07,25.0,8.0
C0090,high_value,0.4,85.0,20.0
C0091,occasional,0.07,25.0,8.0
C0092,high_value,0.4,85.0,20.0
C0093,at_risk,0.03,15.0,5.0
C0094,high_value,0.4,85.0,20.0
C0095,at_risk,0.03,15.0,5.0
C0096,at_risk,0.03,15.0,5.0
C0097,occasional,0.07,25.0,8.0
C0098,occasional,0.07,25.0,8.0
C0099,occasional,0.07,25.0,8.0
C0100,at_risk,0.03,15.0,5.0
C0101,regular,0.2,40.0,12.0
C0102,occasional,0.07,25.0,8.0
C0103,high_value,0.4,85.0,20.0
C0104,occasional,0.07,25.0,8.0
C0105,regular,0.2,40.0,12.0
C0106,occasional,0.07,25.0,8.0
C0107,occasional,0.07,25.0,8.0
C0108,regular,0.2,40.0,12.0
C0109,occasional,0.07,25.0,8.0
C0110,occasional,0.07,25.0,8.0
C0111,occasional,0.07,25.0,8.0
C0112,regular,0.2,40.0,12.0
C0113,occasional,0.07,25.0,8.0
C0114,at_risk,0.03,15.0,5.0
C0115,high_value,0.4,85.0,20.0
C0116,high_value,0.4,85.0,20.0
C0117,high_value,0.4,85.0,20.0
C0118,occasional,0.07,25.0,8.0
C0119,regular,0.2,40.0,12.0
C0120,occasional,0.07,25.0,8.0
C0121,occasional,0.07,25.0,8.0
C0122,regular,0.2,40.0,12.0
C0123,at_risk,0.03,15.0,5.0
C0124,occasional,0.07,25.0,8.0
C0125,regular,0.2,40.0,12.0
C0126,regular,0.2,40.0,12.0
C0127,regular,0.2,40.0,12.0
C0128,regular,0.2,40.0,12.0
C0129,high_value,0.4,85.0,20.0
C0130,at_risk,0.03,15.0,5.0
C0131,regular,0.2,40.0,12.0
C0132,regular,0.2,40.0,12.0
C0133,occasional,0.07,25.0,8.0
C0134,occasional,0.07,25.0,8.0
C0135,at_risk,0.03,15.0,5.0
C0136,occasional,0.07,25.0,8.0
C0137,regular,0.2,40.0,12.0
C0138,regular,0.2,40.0,12.0
C0139,at_risk,0.03,15.0,5.0
C0140,occasional,0.07,25.0,8.0
C0141,at_risk,0.03,15.0,5.0
C0142,high_value,0.4,85.0,20.0
C0143,at_risk,0.03,15.0,5.0
C0144,occasional,0.07,25.0,8.0
C0145,high_value,0.4,85.0,20.0
C0146,occasional,0.07,25.0,8.0
C0147,occasional,0.07,25.0,8.0
C0148,high_value,0.4,85.0,20.0
C0149,regular,0.2,40.0,12.0
C0150,at_risk,0.03,15.0,5.0
C0151,regular,0.2,40.0,12.0
C0152,regular,0.2,40.0,12.0
C0153,regular,0.2,40.0,12.0
C0154,regular,0.2,40.0,12.0
C0155,at_risk,0.03,15.0,5.0
C0156,occasional,0.07,25.0,8.0
C0157,high_value,0.4,85.0,20.0
C0158,at_risk,0.03,15.0,5.0
C0159,at_risk,0.03,15.0,5.0
C0160,regular,0.2,40.0,12.0
C0161,at_risk,0.03,15.0,5.0
C0162,high_value,0.4,85.0,20.0
C0163,at_risk,0.03,15.0,5.0
C0164,occasional,0.07,25.0,8.0
C0165,occasional,0.07,25.0,8.0
C0166,high_value,0.4,85.0,20.0
C0167,at_risk,0.03,15.0,5.0
C0168,high_value,0.4,85.0,20.0
C0169,regular,0.2,40.0,12.0
C0170,high_value,0.4,85.0,20.0
C0171,occasional,0.07,25.0,8.0
C0172,regular,0.2,40.0,12.0
C0173,at_risk,0.03,15.0,5.0
C0174,occasional,0.07,25.0,8.0
C0175,high_value,0.4,85.0,20.0
C0176,high_value,0.4,85.0,20.0
C0177,high_value,0.4,85.0,20.0
C0178,occasional,0.07,25.0,8.0
C0179,at_risk,0.03,15.0,5.0
C0180,regular,0.2,40.0,12.0
C0181,at_risk,0.03,15.0,5.0
C0182,high_value,0.4,85.0,20.0
C0183,at_risk,0.03,15.0,5.0
C0184,at_risk,0.03,15.0,5.0
C0185,occasional,0.07,25.0,8.0
C0186,occasional,0.07,25.0,8.0
C0187,at_risk,0.03,15.0,5.0
C0188,high_value,0.4,85.0,20.0
C0189,regular,0.2,40.0,12.0
C0190,high_value,0.4,85.0,20.0
C0191,occasional,0.07,25.0,8.0
C0192,occasional,0.07,25.0,8.0
C0193,occasional,0.07,25.0,8.0
C0194,at_risk,0.03,15.0,5.0
C0195,regular,0.2,40.0,12.0
C0196,occasional,0.07,25.0,8.0
C0197,regular,0.2,40.0,12.0
C0198,regular,0.2,40.0,12.0
C0199,occasional,0.07,25.0,8.0
C0200,at_risk,0.03,15.0,5.0
C0201,occasional,0.07,25.0,8.0
C0202,high_value,0.4,85.0,20.0
C0203,occasional,0.07,25.0,8.0
C0204,high_value,0.4,85.0,20.0
C0205,at_risk,0.03,15.0,5.0
C0206,occasional,0.07,25.0,8.0
C0207,regular,0.2,40.0,12.0
C0208,high_value,0.4,85.0,20.0
C0209,regular,0.2,40.0,12.0
C0210,at_risk,0.03,15.0,5.0
C0211,regular,0.2,40.0,12.0
C0212,occasional,0.07,25.0,8.0
C0213,occasional,0.07,25.0,8.0
C0214,occasional,0.07,25.0,8.0
C0215,high_value,0.4,85.0,20.0
C0216,at_risk,0.03,15.0,5.0
C0217,regular,0.2,40.0,12.0
C0218,occasional,0.07,25.0,8.0
C0219,occasional,0.07,25.0,8.0
C0220,occasional,0.07,25.0,8.0
C0221,at_risk,0.03,15.0,5.0
C0222,high_value,0.4,85.0,20.0
C0223,occasional,0.07,25.0,8.0
C0224,regular,0.2,40.0,12.0
C0225,regular,0.2,40.0,12.0
C0226,high_value,0.4,85.0,20.0
C0227,high_value,0.4,85.0,20.0
C0228,regular,0.2,40.0,12.0
C0229,regular,0.2,40.0,12.0
C0230,regular,0.2,40.0,12.0
C0231,occasional,0.07,25.0,8.0
C0232,occasional,0.07,25.0,8.0
C0233,regular,0.2,40.0,12.0
C0234,regular,0.2,40.0,12.0
C0235,regular,0.2,40.0,12.0
C0236,occasional,0.07,25.0,8.0
C0237,regular,0.2,40.0,12.0
C0238,high_value,0.4,85.0,20.0
C0239,regular,0.2,40.0,12.0
C0240,regular,0.2,40.0,12.0
C0241,regular,0.2,40.0,12.0
C0242,occasional,0.07,25.0,8.0
C0243,occasional,0.07,25.0,8.0
C0244,occasional,0.07,25.0,8.0
C0245,occasional,0.07,25.0,8.0
C0246,occasional,0.07,25.0,8.0
C0247,regular,0.2,40.0,12.0
C0248,occasional,0.07,25.0,8.0
C0249,occasional,0.07,25.0,8.0
C0250,regular,0.2,40.0,12.0
C0251,occasional,0.07,25.0,8.0
C0252,regular,0.2,40.0,12.0
C0253,occasional,0.07,25.0,8.0
C0254,occasional,0.07,25.0,8.0
C0255,at_risk,0.03,15.0,5.0
C0256,at_risk,0.03,15.0,5.0
C0257,occasional,0.07,25.0,8.0
C0258,occasional,0.07,25.0,8.0
C0259,occasional,0.07,25.0,8.0
C0260,regular,0.2,40.0,12.0
C0261,at_risk,0.03,15.0,5.0
C0262,regular,0.2,40.0,12.0
C0263,high_value,0.4,85.0,20.0
C0264,high_value,0.4,85.0,20.0
C0265,at_risk,0.03,15.0,5.0
C0266,high_value,0.4,85.0,20.0
C0267,regular,0.2,40.0,12.0
C0268,regular,0.2,40.0,12.0
C0269,regular,0.2,40.0,12.0
C0270,regular,0.2,40.0,12.0
C0271,occasional,0.07,25.0,8.0
C0272,high_value,0.4,85.0,20.0
C0273,at_risk,0.03,15.0,5.0
C0274,at_risk,0.03,15.0,5.0
C0275,regular,0.2,40.0,12.0
C0276,regular,0.2,40.0,12.0
C0277,occasional,0.07,25.0,8.0
C0278,high_value,0.4,85.0,20.0
C0279,regular,0.2,40.0,12.0
C0280,at_risk,0.03,15.0,5.0
C0281,at_risk,0.03,15.0,5.0
C0282,occasional,0.07,25.0,8.0
C0283,regular,0.2,40.0,12.0
C0284,occasional,0.07,25.0,8.0
C0285,occasional,0.07,25.0,8.0
C0286,regular,0.2,40.0,12.0
C0287,occasional,0.07,25.0,8.0
C0288,high_value,0.4,85.0,20.0
C0289,regular,0.2,40.0,12.0
C0290,occasional,0.07,25.0,8.0
C0291,regular,0.2,40.0,12.0
C0292,regular,0.2,40.0,12.0
C0293,at_risk,0.03,15.0,5.0
C0294,at_risk,0.03,15.0,5.0
C0295,occasional,0.07,25.0,8.0
C0296,at_risk,0.03,15.0,5.0
C0297,at_risk,0.03,15.0,5.0
C0298,high_value,0.4,85.0,20.0
C0299,regular,0.2,40.0,12.0
C0300,regular,0.2,40.0,12.0
C0301,high_value,0.4,85.0,20.0
C0302,occasional,0.07,25.0,8.0
C0303,regular,0.2,40.0,12.0
C0304,regular,0.2,40.0,12.0
C0305,regular,0.2,40.0,12.0
C0306,regular,0.2,40.0,12.0
C0307,at_risk,0.03,15.0,5.0
C0308,high_value,0.4,85.0,20.0
C0309,regular,0.2,40.0,12.0
C0310,regular,0.2,40.0,12.0
C0311,regular,0.2,40.0,12.0
C0312,occasional,0.07,25.0,8.0
C0313,regular,0.2,40.0,12.0
C0314,high_value,0.4,85.0,20.0
C0315,regular,0.2,40.0,12.0
C0316,at_risk,0.03,15.0,5.0
C0317,occasional,0.07,25.0,8.0
C0318,occasional,0.07,25.0,8.0
C0319,occasional,0.07,25.0,8.0
C0320,occasional,0.07,25.0,8.0
C0321,high_value,0.4,85.0,20.0
C0322,regular,0.2,40.0,12.0
C0323,occasional,0.07,25.0,8.0
C0324,regular,0.2,40.0,12.0
C0325,at_risk,0.03,15.0,5.0
C0326,regular,0.2,40.0,12.0
C0327,occasional,0.07,25.0,8.0
C0328,at_risk,0.03,15.0,5.0
C0329,occasional,0.07,25.0,8.0
C0330,at_risk,0.03,15.0,5.0
C0331,occasional,0.07,25.0,8.0
C0332,at_risk,0.03,15.0,5.0
C0333,regular,0.2,40.0,12.0
C0334,regular,0.2,40.0,12.0
C0335,occasional,0.07,25.0,8.0
C0336,high_value,0.4,85.0,20.0
C0337,regular,0.2,40.0,12.0
C0338,at_risk,0.03,15.0,5.0
C0339,occasional,0.07,25.0,8.0
C0340,regular,0.2,40.0,12.0
C0341,regular,0.2,40.0,12.0
C0342,regular,0.2,40.0,12.0
C0343,high_value,0.4,85.0,20.0
C0344,at_risk,0.03,15.0,5.0
C0345,regular,0.2,40.0,12.0
C0346,regular,0.2,40.0,12.0
C0347,occasional,0.07,25.0,8.0
C0348,high_value,0.4,85.0,20.0
C0349,regular,0.2,40.0,12.0
C0350,occasional,0.07,25.0,8.0
C0351,occasional,0.07,25.0,8.0
C0352,at_risk,0.03,15.0,5.0
C0353,occasional,0.07,25.0,8.0
C0354,regular,0.2,40.0,12.0
C0355,occasional,0.07,25.0,8.0
C0356,at_risk,0.03,15.0,5.0
C0357,occasional,0.07,25.0,8.0
C0358,at_risk,0.03,15.0,5.0
C0359,occasional,0.07,25.0,8.0
C0360,at_risk,0.03,15.0,5.0
C0361,high_value,0.4,85.0,20.0
C0362,occasional,0.07,25.0,8.0
C0363,regular,0.2,40.0,12.0
C0364,occasional,0.07,25.0,8.0
C0365,occasional,0.07,25.0,8.0
C0366,at_risk,0.03,15.0,5.0
C0367,at_risk,0.03,15.0,5.0
C0368,regular,0.2,40.0,12.0
C0369,occasional,0.07,25.0,8.0
C0370,occasional,0.07,25.0,8.0
C0371,regular,0.2,40.0,12.0
C0372,high_value,0.4,85.0,20.0
C0373,high_value,0.4,85.0,20.0
C0374,occasional,0.07,25.0,8.0
C0375,regular,0.2,40.0,12.0
C0376,at_risk,0.03,15.0,5.0
C0377,regular,0.2,40.0,12.0
C0378,at_risk,0.03,15.0,5.0
C0379,regular,0.2,40.0,12.0
C0380,occasional,0.07,25.0,8.0
C0381,high_value,0.4,85.0,20.0
C0382,occasional,0.07,25.0,8.0
C0383,at_risk,0.03,15.0,5.0
C0384,at_risk,0.03,15.0,5.0
C0385,at_risk,0.03,15.0,5.0
C0386,high_value,0.4,85.0,20.0
C0387,regular,0.2,40.0,12.0
C0388,high_value,0.4,85.0,20.0
C0389,high_value,0.4,85.0,20.0
C0390,occasional,0.07,25.0,8.0
C0391,occasional,0.07,25.0,8.0
C0392,occasional,0.07,25.0,8.0
C0393,at_risk,0.03,15.0,5.0
C0394,occasional,0.07,25.0,8.0
C0395,at_risk,0.03,15.0,5.0
C0396,high_value,0.4,85.0,20.0
C0397,regular,0.2,40.0,12.0
C0398,occasional,0.07,25.0,8.0
C0399,at_risk,0.03,15.0,5.0
C0400,high_value,0.4,85.0,20.0
C0401,occasional,0.07,25.0,8.0
C0402,occasional,0.07,25.0,8.0
C0403,high_value,0.4,85.0,20.0
C0404,regular,0.2,40.0,12.0
C0405,at_risk,0.03,15.0,5.0
C0406,occasional,0.07,25.0,8.0
C0407,regular,0.2,40.0,12.0
C0408,at_risk,0.03,15.0,5.0
C0409,regular,0.2,40.0,12.0
C0410,at_risk,0.03,15.0,5.0
C0411,regular,0.2,40.0,12.0
C0412,occasional,0.07,25.0,8.0
C0413,regular,0.2,40.0,12.0
C0414,regular,0.2,40.0,12.0
C0415,at_risk,0.03,15.0,5.0
C0416,regular,0.2,40.0,12.0
C0417,high_value,0.4,85.0,20.0
C0418,regular,0.2,40.0,12.0
C0419,occasional,0.07,25.0,8.0
C0420,at_risk,0.03,15.0,5.0
C0421,at_risk,0.03,15.0,5.0
C0422,regular,0.2,40.0,12.0
C0423,regular,0.2,40.0,12.0
C0424,high_value,0.4,85.0,20.0
C0425,occasional,0.07,25.0,8.0
C0426,at_risk,0.03,15.0,5.0
C0427,occasional,0.07,25.0,8.0
C0428,occasional,0.07,25.0,8.0
C0429,regular,0.2,40.0,12.0
C0430,at_risk,0.03,15.0,5.0
C0431,regular,0.2,40.0,12.0
C0432,high_value,0.4,85.0,20.0
C0433,regular,0.2,40.0,12.0
C0434,high_value,0.4,85.0,20.0
C0435,regular,0.2,40.0,12.0
C0436,high_value,0.4,85.0,20.0
C0437,regular,0.2,40.0,12.0
C0438,occasional,0.07,25.0,8.0
C0439,regular,0.2,40.0,12.0
C0440,regular,0.2,40.0,12.0
C0441,at_risk,0.03,15.0,5.0
C0442,occasional,0.07,25.0,8.0
C0443,occasional,0.07,25.0,8.0
C0444,regular,0.2,40.0,12.0
C0445,at_risk,0.03,15.0,5.0
C0446,regular,0.2,40.0,12.0
C0447,regular,0.2,40.0,12.0
C0448,at_risk,0.03,15.0,5.0
C0449,occasional,0.07,25.0,8.0
C0450,occasional,0.07,25.0,8.0
C0451,occasional,0.07,25.0,8.0
C0452,occasional,0.07,25.0,8.0
C0453,regular,0.2,40.0,12.0
C0454,regular,0.2,40.0,12.0
C0455,regular,0.2,40.0,12.0
C0456,regular,0.2,40.0,12.0
C0457,at_risk,0.03,15.0,5.0
C0458,regular,0.2,40.0,12.0
C0459,occasional,0.07,25.0,8.0
C0460,occasional,0.07,25.0,8.0
C0461,occasional,0.07,25.0,8.0
C0462,regular,0.2,40.0,12.0
C0463,regular,0.2,40.0,12.0
C0464,at_risk,0.03,15.0,5.0
C0465,occasional,0.07,25.0,8.0
C0466,at_risk,0.03,15.0,5.0
C0467,at_risk,0.03,15.0,5.0
C0468,occasional,0.07,25.0,8.0
C0469,regular,0.2,40.0,12.0
C0470,occasional,0.07,25.0,8.0
C0471,high_value,0.4,85.0,20.0
C0472,occasional,0.07,25.0,8.0
C0473,at_risk,0.03,15.0,5.0
C0474,occasional,0.07,25.0,8.0
C0475,regular,0.2,40.0,12.0
C0476,high_value,0.4,85.0,20.0
C0477,at_risk,0.03,15.0,5.0
C0478,high_value,0.4,85.0,20.0
C0479,high_value,0.4,85.0,20.0
C0480,regular,0.2,40.0,12.0
C0481,high_value,0.4,85.0,20.0
C0482,regular,0.2,40.0,12.0
C0483,occasional,0.07,25.0,8.0
C0484,regular,0.2,40.0,12.0
C0485,high_value,0.4,85.0,20.0
C0486,high_value,0.4,85.0,20.0
C0487,regular,0.2,40.0,12.0
C0488,high_value,0.4,85.0,20.0
C0489,occasional,0.07,25.0,8.0
C0490,regular,0.2,40.0,12.0
C0491,regular,0.2,40.0,12.0
C0492,regular,0.2,40.0,12.0
C0493,regular,0.2,40.0,12.0
C0494,high_value,0.4,85.0,20.0
C0495,high_value,0.4,85.0,20.0
C0496,at_risk,0.03,15.0,5.0
C0497,high_value,0.4,85.0,20.0
C0498,occasional,0.07,25.0,8.0
C0499,regular,0.2,40.0,12.0
C0500,regular,0.2,40.0,12.0
C0501,regular,0.2,40.0,12.0
C0502,occasional,0.07,25.0,8.0
C0503,at_risk,0.03,15.0,5.0
C0504,regular,0.2,40.0,12.0
C0505,regular,0.2,40.0,12.0
C0506,regular,0.2,40.0,12.0
C0507,regular,0.2,40.0,12.0
C0508,occasional,0.07,25.0,8.0
C0509,regular,0.2,40.0,12.0
C0510,regular,0.2,40.0,12.0
C0511,at_risk,0.03,15.0,5.0
C0512,high_value,0.4,85.0,20.0
C0513,regular,0.2,40.0,12.0
C0514,occasional,0.07,25.0,8.0
C0515,regular,0.2,40.0,12.0
C0516,high_value,0.4,85.0,20.0
C0517,high_value,0.4,85.0,20.0
C0518,at_risk,0.03,15.0,5.0
C0519,high_value,0.4,85.0,20.0
C0520,regular,0.2,40.0,12.0
C0521,high_value,0.4,85.0,20.0
C0522,high_value,0.4,85.0,20.0
C0523,occasional,0.07,25.0,8.0
C0524,regular,0.2,40.0,12.0
C0525,occasional,0.07,25.0,8.0
C0526,occasional,0.07,25.0,8.0
C0527,at_risk,0.03,15.0,5.0
C0528,high_value,0.4,85.0,20.0
C0529,at_risk,0.03,15.0,5.0
C0530,occasional,0.07,25.0,8.0
C0531,regular,0.2,40.0,12.0
C0532,occasional,0.07,25.0,8.0
C0533,at_risk,0.03,15.0,5.0
C0534,regular,0.2,40.0,12.0
C0535,at_risk,0.03,15.0,5.0
C0536,regular,0.2,40.0,12.0
C0537,occasional,0.07,25.0,8.0
C0538,at_risk,0.03,15.0,5.0
C0539,regular,0.2,40.0,12.0
C0540,at_risk,0.03,15.0,5.0
C0541,regular,0.2,40.0,12.0
C0542,occasional,0.07,25.0,8.0
C0543,occasional,0.07,25.0,8.0
C0544,regular,0.2,40.0,12.0
C0545,regular,0.2,40.0,12.0
C0546,regular,0.2,40.0,12.0
C0547,high_value,0.4,85.0,20.0
C0548,high_value,0.4,85.0,20.0
C0549,regular,0.2,40.0,12.0
C0550,high_value,0.4,85.0,20.0
C0551,regular,0.2,40.0,12.0
C0552,occasional,0.07,25.0,8.0
C0553,occasional,0.07,25.0,8.0
C0554,occasional,0.07,25.0,8.0
C0555,regular,0.2,40.0,12.0
C0556,at_risk,0.03,15.0,5.0
C0557,occasional,0.07,25.0,8.0
C0558,high_value,0.4,85.0,20.0
C0559,high_value,0.4,85.0,20.0
C0560,occasional,0.07,25.0,8.0
C0561,regular,0.2,40.0,12.0
C0562,occasional,0.07,25.0,8.0
C0563,at_risk,0.03,15.0,5.0
C0564,high_value,0.4,85.0,20.0
C0565,high_value,0.4,85.0,20.0
C0566,at_risk,0.03,15.0,5.0
C0567,occasional,0.07,25.0,8.0
C0568,high_value,0.4,85.0,20.0
C0569,at_risk,0.03,15.0,5.0
C0570,at_risk,0.03,15.0,5.0
C0571,occasional,0.07,25.0,8.0
C0572,occasional,0.07,25.0,8.0
C0573,regular,0.2,40.0,12.0
C0574,high_value,0.4,85.0,20.0
C0575,occasional,0.07,25.0,8.0
C0576,regular,0.2,40.0,12.0
C0577,occasional,0.07,25.0,8.0
C0578,at_risk,0.03,15.0,5.0
C0579,high_value,0.4,85.0,20.0
C0580,occasional,0.07,25.0,8.0
C0581,regular,0.2,40.0,12.0
C0582,at_risk,0.03,15.0,5.0
C0583,regular,0.2,40.0,12.0
C0584,occasional,0.07,25.0,8.0
C0585,occasional,0.07,25.0,8.0
C0586,regular,0.2,40.0,12.0
C0587,occasional,0.07,25.0,8.0
C0588,occasional,0.07,25.0,8.0
C0589,occasional,0.07,25.0,8.0
C0590,occasional,0.07,25.0,8.0
C0591,at_risk,0.03,15.0,5.0
C0592,regular,0.2,40.0,12.0
C0593,occasional,0.07,25.0,8.0
C0594,high_value,0.4,85.0,20.0
C0595,occasional,0.07,25.0,8.0
C0596,occasional,0.07,25.0,8.0
C0597,regular,0.2,40.0,12.0
C0598,high_value,0.4,85.0,20.0
C0599,at_risk,0.03,15.0,5.0
C0600,regular,0.2,40.0,12.0
C0601,occasional,0.07,25.0,8.0
C0602,high_value,0.4,85.0,20.0
C0603,at_risk,0.03,15.0,5.0
C0604,regular,0.2,40.0,12.0
C0605,regular,0.2,40.0,12.0
C0606,at_risk,0.03,15.0,5.0
C0607,at_risk,0.03,15.0,5.0
C0608,regular,0.2,40.0,12.0
C0609,regular,0.2,40.0,12.0
C0610,occasional,0.07,25.0,8.0
C0611,at_risk,0.03,15.0,5.0
C0612,regular,0.2,40.0,12.0
C0613,occasional,0.07,25.0,8.0
C0614,occasional,0.07,25.0,8.0
C0615,occasional,0.07,25.0,8.0
C0616,occasional,0.07,25.0,8.0
C0617,occasional,0.07,25.0,8.0
C0618,high_value,0.4,85.0,20.0
C0619,at_risk,0.03,15.0,5.0
C0620,at_risk,0.03,15.0,5.0
C0621,occasional,0.07,25.0,8.0
C0622,high_value,0.4,85.0,20.0
C0623,regular,0.2,40.0,12.0
C0624,occasional,0.07,25.0,8.0
C0625,high_value,0.4,85.0,20.0
C0626,at_risk,0.03,15.0,5.0
C0627,regular,0.2,40.0,12.0
C0628,occasional,0.07,25.0,8.0
C0629,at_risk,0.03,15.0,5.0
C0630,regular,0.2,40.0,12.0
C0631,regular,0.2,40.0,12.0
C0632,occasional,0.07,25.0,8.0
C0633,occasional,0.07,25.0,8.0
C0634,regular,0.2,40.0,12.0
C0635,occasional,0.07,25.0,8.0
C0636,at_risk,0.03,15.0,5.0
C0637,regular,0.2,40.0,12.0
C0638,regular,0.2,40.0,12.0
C0639,regular,0.2,40.0,12.0
C0640,regular,0.2,40.0,12.0
C0641,high_value,0.4,85.0,20.0
C0642,regular,0.2,40.0,12.0
C0643,occasional,0.07,25.0,8.0
C0644,regular,0.2,40.0,12.0
C0645,at_risk,0.03,15.0,5.0
C0646,regular,0.2,40.0,12.0
C0647,high_value,0.4,85.0,20.0
C0648,occasional,0.07,25.0,8.0
C0649,at_risk,0.03,15.0,5.0
C0650,regular,0.2,40.0,12.0
C0651,regular,0.2,40.0,12.0
C0652,regular,0.2,40.0,12.0
C0653,occasional,0.07,25.0,8.0
C0654,regular,0.2,40.0,12.0
C0655,regular,0.2,40.0,12.0
C0656,high_value,0.4,85.0,20.0
C0657,regular,0.2,40.0,12.0
C0658,at_risk,0.03,15.0,5.0
C0659,occasional,0.07,25.0,8.0
C0660,regular,0.2,40.0,12.0
C0661,high_value,0.4,85.0,20.0
C0662,regular,0.2,40.0,12.0
C0663,regular,0.2,40.0,12.0
C0664,occasional,0.07,25.0,8.0
C0665,at_risk,0.03,15.0,5.0
C0666,at_risk,0.03,15.0,5.0
C0667,at_risk,0.03,15.0,5.0
C0668,at_risk,0.03,15.0,5.0
C0669,at_risk,0.03,15.0,5.0
C0670,high_value,0.4,85.0,20.0
C0671,high_value,0.4,85.0,20.0
C0672,regular,0.2,40.0,12.0
C0673,occasional,0.07,25.0,8.0
C0674,high_value,0.4,85.0,20.0
C0675,at_risk,0.03,15.0,5.0
C0676,occasional,0.07,25.0,8.0
C0677,occasional,0.07,25.0,8.0
C0678,regular,0.2,40.0,12.0
C0679,regular,0.2,40.0,12.0
C0680,regular,0.2,40.0,12.0
C0681,at_risk,0.03,15.0,5.0
C0682,occasional,0.07,25.0,8.0
C0683,occasional,0.07,25.0,8.0
C0684,regular,0.2,40.0,12.0
C0685,regular,0.2,40.0,12.0
C0686,regular,0.2,40.0,12.0
C0687,occasional,0.07,25.0,8.0
C0688,occasional,0.07,25.0,8.0
C0689,regular,0.2,40.0,12.0
C0690,at_risk,0.03,15.0,5.0
C0691,high_value,0.4,85.0,20.0
C0692,at_risk,0.03,15.0,5.0
C0693,high_value,0.4,85.0,20.0
C0694,regular,0.2,40.0,12.0
C0695,at_risk,0.03,15.0,5.0
C0696,regular,0.2,40.0,12.0
C0697,regular,0.2,40.0,12.0
C0698,regular,0.2,40.0,12.0
C0699,regular,0.2,40.0,12.0
C0700,occasional,0.07,25.0,8.0
C0701,at_risk,0.03,15.0,5.0
C0702,at_risk,0.03,15.0,5.0
C0703,regular,0.2,40.0,12.0
C0704,occasional,0.07,25.0,8.0
C0705,regular,0.2,40.0,12.0
C0706,regular,0.2,40.0,12.0
C0707,regular,0.2,40.0,12.0
C0708,at_risk,0.03,15.0,5.0
C0709,at_risk,0.03,15.0,5.0
C0710,occasional,0.07,25.0,8.0
C0711,occasional,0.07,25.0,8.0
C0712,regular,0.2,40.0,12.0
C0713,occasional,0.07,25.0,8.0
C0714,occasional,0.07,25.0,8.0
C0715,regular,0.2,40.0,12.0
C0716,high_value,0.4,85.0,20.0
C0717,high_value,0.4,85.0,20.0
C0718,at_risk,0.03,15.0,5.0
C0719,regular,0.2,40.0,12.0
C0720,at_risk,0.03,15.0,5.0
C0721,regular,0.2,40.0,12.0
C0722,occasional,0.07,25.0,8.0
C0723,regular,0.2,40.0,12.0
C0724,regular,0.2,40.0,12.0
C0725,high_value,0.4,85.0,20.0
C0726,high_value,0.4,85.0,20.0
C0727,at_risk,0.03,15.0,5.0
C0728,regular,0.2,40.0,12.0
C0729,occasional,0.07,25.0,8.0
C0730,regular,0.2,40.0,12.0
C0731,regular,0.2,40.0,12.0
C0732,occasional,0.07,25.0,8.0
C0733,regular,0.2,40.0,12.0
C0734,at_risk,0.03,15.0,5.0
C0735,at_risk,0.03,15.0,5.0
C0736,occasional,0.07,25.0,8.0
C0737,regular,0.2,40.0,12.0
C0738,regular,0.2,40.0,12.0
C0739,at_risk,0.03,15.0,5.0
C0740,regular,0.2,40.0,12.0
C0741,high_value,0.4,85.0,20.0
C0742,regular,0.2,40.0,12.0
C0743,occasional,0.07,25.0,8.0
C0744,occasional,0.07,25.0,8.0
C0745,occasional,0.07,25.0,8.0
C0746,occasional,0.07,25.0,8.0
C0747,regular,0.2,40.0,12.0
C0748,at_risk,0.03,15.0,5.0
C0749,regular,0.2,40.0,12.0
C0750,occasional,0.07,25.0,8.0
C0751,high_value,0.4,85.0,20.0
C0752,at_risk,0.03,15.0,5.0
C0753,regular,0.2,40.0,12.0
C0754,high_value,0.4,85.0,20.0
C0755,regular,0.2,40.0,12.0
C0756,high_value,0.4,85.0,20.0
C0757,regular,0.2,40.0,12.0
C0758,occasional,0.07,25.0,8.0
C0759,regular,0.2,40.0,12.0
C0760,at_risk,0.03,15.0,5.0
C0761,regular,0.2,40.0,12.0
C0762,occasional,0.07,25.0,8.0
C0763,regular,0.2,40.0,12.0
C0764,occasional,0.07,25.0,8.0
C0765,occasional,0.07,25.0,8.0
C0766,regular,0.2,40.0,12.0
C0767,at_risk,0.03,15.0,5.0
C0768,regular,0.2,40.0,12.0
C0769,regular,0.2,40.0,12.0
C0770,occasional,0.07,25.0,8.0
C0771,at_risk,0.03,15.0,5.0
C0772,high_value,0.4,85.0,20.0
C0773,regular,0.2,40.0,12.0
C0774,at_risk,0.03,15.0,5.0
C0775,occasional,0.07,25.0,8.0
C0776,at_risk,0.03,15.0,5.0
C0777,occasional,0.07,25.0,8.0
C0778,occasional,0.07,25.0,8.0
C0779,regular,0.2,40.0,12.0
C0780,at_risk,0.03,15.0,5.0
C0781,regular,0.2,40.0,12.0
C0782,occasional,0.07,25.0,8.0
C0783,regular,0.2,40.0,12.0
C0784,occasional,0.07,25.0,8.0
C0785,occasional,0.07,25.0,8.0
C0786,occasional,0.07,25.0,8.0
C0787,at_risk,0.03,15.0,5.0
C0788,regular,0.2,40.0,12.0
C0789,occasional,0.07,25.0,8.0
C0790,regular,0.2,40.0,12.0
C0791,regular,0.2,40.0,12.0
C0792,regular,0.2,40.0,12.0
C0793,high_value,0.4,85.0,20.0
C0794,high_value,0.4,85.0,20.0
C0795,occasional,0.07,25.0,8.0
C0796,occasional,0.07,25.0,8.0
C0797,occasional,0.07,25.0,8.0
C0798,high_value,0.4,85.0,20.0
C0799,regular,0.2,40.0,12.0
C0800,regular,0.2,40.0,12.0
C0801,occasional,0.07,25.0,8.0
C0802,at_risk,0.03,15.0,5.0
C0803,regular,0.2,40.0,12.0
C0804,occasional,0.07,25.0,8.0
C0805,high_value,0.4,85.0,20.0
C0806,regular,0.2,40.0,12.0
C0807,high_value,0.4,85.0,20.0
C0808,regular,0.2,40.0,12.0
C0809,occasional,0.07,25.0,8.0
C0810,at_risk,0.03,15.0,5.0
C0811,regular,0.2,40.0,12.0
C0812,occasional,0.07,25.0,8.0
C0813,occasional,0.07,25.0,8.0
C0814,at_risk,0.03,15.0,5.0
C0815,occasional,0.07,25.0,8.0
C0816,regular,0.2,40.0,12.0
C0817,occasional,0.07,25.0,8.0
C0818,regular,0.2,40.0,12.0
C0819,at_risk,0.03,15.0,5.0
C0820,regular,0.2,40.0,12.0
C0821,occasional,0.07,25.0,8.0
C0822,high_value,0.4,85.0,20.0
C0823,regular,0.2,40.0,12.0
C0824,at_risk,0.03,15.0,5.0
C0825,occasional,0.07,25.0,8.0
C0826,regular,0.2,40.0,12.0
C0827,at_risk,0.03,15.0,5.0
C0828,at_risk,0.03,15.0,5.0
C0829,regular,0.2,40.0,12.0
C0830,occasional,0.07,25.0,8.0
C0831,regular,0.2,40.0,12.0
C0832,occasional,0.07,25.0,8.0
C0833,regular,0.2,40.0,12.0
C0834,regular,0.2,40.0,12.0
C0835,at_risk,0.03,15.0,5.0
C0836,at_risk,0.03,15.0,5.0
C0837,at_risk,0.03,15.0,5.0
C0838,at_risk,0.03,15.0,5.0
C0839,occasional,0.07,25.0,8.0
C0840,occasional,0.07,25.0,8.0
C0841,occasional,0.07,25.0,8.0
C0842,regular,0.2,40.0,12.0
C0843,regular,0.2,40.0,12.0
C0844,regular,0.2,40.0,12.0
C0845,occasional,0.07,25.0,8.0
C0846,regular,0.2,40.0,12.0
C0847,regular,0.2,40.0,12.0
C0848,occasional,0.07,25.0,8.0
C0849,regular,0.2,40.0,12.0
C0850,regular,0.2,40.0,12.0
C0851,at_risk,0.03,15.0,5.0
C0852,at_risk,0.03,15.0,5.0
C0853,regular,0.2,40.0,12.0
C0854,high_value,0.4,85.0,20.0
C0855,regular,0.2,40.0,12.0
C0856,occasional,0.07,25.0,8.0
C0857,at_risk,0.03,15.0,5.0
C0858,high_value,0.4,85.0,20.0
C0859,occasional,0.07,25.0,8.0
C0860,high_value,0.4,85.0,20.0
C0861,regular,0.2,40.0,12.0
C0862,at_risk,0.03,15.0,5.0
C0863,regular,0.2,40.0,12.0
C0864,regular,0.2,40.0,12.0
C0865,regular,0.2,40.0,12.0
C0866,occasional,0.07,25.0,8.0
C0867,at_risk,0.03,15.0,5.0
C0868,at_risk,0.03,15.0,5.0
C0869,high_value,0.4,85.0,20.0
C0870,high_value,0.4,85.0,20.0
C0871,occasional,0.07,25.0,8.0
C0872,regular,0.2,40.0,12.0
C0873,at_risk,0.03,15.0,5.0
C0874,occasional,0.07,25.0,8.0
C0875,high_value,0.4,85.0,20.0
C0876,at_risk,0.03,15.0,5.0
C0877,regular,0.2,40.0,12.0
C0878,regular,0.2,40.0,12.0
C0879,occasional,0.07,25.0,8.0
C0880,occasional,0.07,25.0,8.0
C0881,occasional,0.07,25.0,8.0
C0882,occasional,0.07,25.0,8.0
C0883,at_risk,0.03,15.0,5.0
C0884,at_risk,0.03,15.0,5.0
C0885,occasional,0.07,25.0,8.0
C0886,high_value,0.4,85.0,20.0
C0887,occasional,0.07,25.0,8.0
C0888,at_risk,0.03,15.0,5.0
C0889,regular,0.2,40.0,12.0
C0890,regular,0.2,40.0,12.0
C0891,regular,0.2,40.0,12.0
C0892,high_value,0.4,85.0,20.0
C0893,occasional,0.07,25.0,8.0
C0894,regular,0.2,40.0,12.0
C0895,occasional,0.07,25.0,8.0
C0896,at_risk,0.03,15.0,5.0
C0897,at_risk,0.03,15.0,5.0
C0898,regular,0.2,40.0,12.0
C0899,regular,0.2,40.0,12.0
C0900,occasional,0.07,25.0,8.0
C0901,at_risk,0.03,15.0,5.0
C0902,regular,0.2,40.0,12.0
C0903,at_risk,0.03,15.0,5.0
C0904,high_value,0.4,85.0,20.0
C0905,at_risk,0.03,15.0,5.0
C0906,high_value,0.4,85.0,20.0
C0907,regular,0.2,40.0,12.0
C0908,occasional,0.07,25.0,8.0
C0909,high_value,0.4,85.0,20.0
C0910,high_value,0.4,85.0,20.0
C0911,high_value,0.4,85.0,20.0
C0912,regular,0.2,40.0,12.0
C0913,occasional,0.07,25.0,8.0
C0914,high_value,0.4,85.0,20.0
C0915,occasional,0.07,25.0,8.0
C0916,at_risk,0.03,15.0,5.0
C0917,regular,0.2,40.0,12.0
C0918,high_value,0.4,85.0,20.0
C0919,at_risk,0.03,15.0,5.0
C0920,at_risk,0.03,15.0,5.0
C0921,occasional,0.07,25.0,8.0
C0922,at_risk,0.03,15.0,5.0
C0923,high_value,0.4,85.0,20.0
C0924,regular,0.2,40.0,12.0
C0925,occasional,0.07,25.0,8.0
C0926,regular,0.2,40.0,12.0
C0927,occasional,0.07,25.0,8.0
C0928,occasional,0.07,25.0,8.0
C0929,occasional,0.07,25.0,8.0
C0930,regular,0.2,40.0,12.0
C0931,regular,0.2,40.0,12.0
C0932,regular,0.2,40.0,12.0
C0933,regular,0.2,40.0,12.0
C0934,occasional,0.07,25.0,8.0
C0935,high_value,0.4,85.0,20.0
C0936,high_value,0.4,85.0,20.0
C0937,regular,0.2,40.0,12.0
C0938,regular,0.2,40.0,12.0
C0939,at_risk,0.03,15.0,5.0
C0940,regular,0.2,40.0,12.0
C0941,at_risk,0.03,15.0,5.0
C0942,high_value,0.4,85.0,20.0
C0943,occasional,0.07,25.0,8.0
C0944,regular,0.2,40.0,12.0
C0945,regular,0.2,40.0,12.0
C0946,at_risk,0.03,15.0,5.0
C0947,at_risk,0.03,15.0,5.0
C0948,at_risk,0.03,15.0,5.0
C0949,regular,0.2,40.0,12.0
C0950,regular,0.2,40.0,12.0
C0951,occasional,0.07,25.0,8.0
C0952,regular,0.2,40.0,12.0
C0953,occasional,0.07,25.0,8.0
C0954,occasional,0.07,25.0,8.0
C0955,occasional,0.07,25.0,8.0
C0956,at_risk,0.03,15.0,5.0
C0957,occasional,0.07,25.0,8.0
C0958,high_value,0.4,85.0,20.0
C0959,high_value,0.4,85.0,20.0
C0960,occasional,0.07,25.0,8.0
C0961,regular,0.2,40.0,12.0
C0962,regular,0.2,40.0,12.0
C0963,regular,0.2,40.0,12.0
C0964,occasional,0.07,25.0,8.0
C0965,at_risk,0.03,15.0,5.0
C0966,occasional,0.07,25.0,8.0
C0967,regular,0.2,40.0,12.0
C0968,regular,0.2,40.0,12.0
C0969,occasional,0.07,25.0,8.0
C0970,regular,0.2,40.0,12.0
C0971,occasional,0.07,25.0,8.0
C0972,occasional,0.07,25.0,8.0
C0973,high_value,0.4,85.0,20.0
C0974,high_value,0.4,85.0,20.0
C0975,regular,0.2,40.0,12.0
C0976,at_risk,0.03,15.0,5.0
C0977,occasional,0.07,25.0,8.0
C0978,regular,0.2,40.0,12.0
C0979,at_risk,0.03,15.0,5.0
C0980,regular,0.2,40.0,12.0
C0981,regular,0.2,40.0,12.0
C0982,at_risk,0.03,15.0,5.0
C0983,high_value,0.4,85.0,20.0
C0984,regular,0.2,40.0,12.0
C0985,occasional,0.07,25.0,8.0
C0986,regular,0.2,40.0,12.0
C0987,occasional,0.07,25.0,8.0
C0988,regular,0.2,40.0,12.0
C0989,high_value,0.4,85.0,20.0
C0990,regular,0.2,40.0,12.0
C0991,regular,0.2,40.0,12.0
C0992,regular,0.2,40.0,12.0
C0993,high_value,0.4,85.0,20.0
C0994,at_risk,0.03,15.0,5.0
C0995,regular,0.2,40.0,12.0
C0996,regular,0.2,40.0,12.0
C0997,high_value,0.4,85.0,20.0
C0998,regular,0.2,40.0,12.0
C0999,regular,0.2,40.0,12.0
C1000,occasional,0.07,25.0,8.0
